{
  "name": "{{Dataset_Name}}",
  "compatibilityLevel": 1604,
  "model": {
    "name": "{{Dataset_Name}}",
    "culture": "en-US",
    "collation": "Latin1_General_100_BIN2_UTF8",
    "dataAccessOptions": {
      "legacyRedirects": true,
      "returnErrorValuesAsNull": true
    },
    "defaultPowerBIDataSourceVersion": "powerBI_V3",
    "sourceQueryCulture": "en-US",
    "tables": [
      {
        "name": "brokers",
        "sourceLineageTag": "[MRS].[brokers]",
        "columns": [
          {
            "name": "BrokerID",
            "dataType": "string",
            "sourceColumn": "BrokerID",
            "sourceProviderType": "varchar",
            "sourceLineageTag": "BrokerID",
            "summarizeBy": "none",
            "annotations": [
              {
                "name": "SummarizationSetBy",
                "value": "Automatic"
              }
            ]
          },
          {
            "name": "BrokerName",
            "dataType": "string",
            "sourceColumn": "BrokerName",
            "sourceProviderType": "varchar",
            "sourceLineageTag": "BrokerName",
            "summarizeBy": "none",
            "annotations": [
              {
                "name": "SummarizationSetBy",
                "value": "Automatic"
              }
            ]
          },
          {
            "name": "Region",
            "dataType": "string",
            "sourceColumn": "Region",
            "sourceProviderType": "varchar",
            "sourceLineageTag": "Region",
            "summarizeBy": "none",
            "annotations": [
              {
                "name": "SummarizationSetBy",
                "value": "Automatic"
              }
            ]
          },
          {
            "name": "Email",
            "dataType": "string",
            "sourceColumn": "Email",
            "sourceProviderType": "varchar",
            "sourceLineageTag": "Email",
            "summarizeBy": "none",
            "annotations": [
              {
                "name": "SummarizationSetBy",
                "value": "Automatic"
              }
            ]
          }
        ],
        "partitions": [
          {
            "name": "{{Partition_Name}}",
            "mode": "directLake",
            "source": {
              "type": "entity",
              "entityName": "brokers",
              "expressionSource": "DatabaseQuery",
              "schemaName": "MRS"
            }
          }
        ],
        "annotations": [
          {
            "name": "IsTableInBiModel",
            "value": "False"
          }
        ]
      },
      {
        "name": "calendar(2)",
        "sourceLineageTag": "[MRS].[calendar]",
        "columns": [
          {
            "name": "fecha",
            "dataType": "dateTime",
            "sourceColumn": "fecha",
            "formatString": "General Date",
            "sourceProviderType": "date",
            "sourceLineageTag": "fecha",
            "summarizeBy": "none",
            "annotations": [
              {
                "name": "SummarizationSetBy",
                "value": "Automatic"
              }
            ]
          },
          {
            "name": "ann",
            "dataType": "int64",
            "sourceColumn": "ann",
            "formatString": "0",
            "sourceProviderType": "int",
            "sourceLineageTag": "ann",
            "summarizeBy": "sum",
            "annotations": [
              {
                "name": "SummarizationSetBy",
                "value": "Automatic"
              }
            ]
          },
          {
            "name": "mes",
            "dataType": "int64",
            "sourceColumn": "mes",
            "formatString": "0",
            "sourceProviderType": "int",
            "sourceLineageTag": "mes",
            "summarizeBy": "sum",
            "annotations": [
              {
                "name": "SummarizationSetBy",
                "value": "Automatic"
              }
            ]
          },
          {
            "name": "dia",
            "dataType": "int64",
            "sourceColumn": "dia",
            "formatString": "0",
            "sourceProviderType": "int",
            "sourceLineageTag": "dia",
            "summarizeBy": "sum",
            "annotations": [
              {
                "name": "SummarizationSetBy",
                "value": "Automatic"
              }
            ]
          },
          {
            "name": "nombreMes",
            "dataType": "string",
            "sourceColumn": "nombreMes",
            "sourceProviderType": "varchar",
            "sourceLineageTag": "nombreMes",
            "summarizeBy": "none",
            "annotations": [
              {
                "name": "SummarizationSetBy",
                "value": "Automatic"
              }
            ]
          },
          {
            "name": "nombreDia",
            "dataType": "string",
            "sourceColumn": "nombreDia",
            "sourceProviderType": "varchar",
            "sourceLineageTag": "nombreDia",
            "summarizeBy": "none",
            "annotations": [
              {
                "name": "SummarizationSetBy",
                "value": "Automatic"
              }
            ]
          },
          {
            "name": "trimestre",
            "dataType": "int64",
            "sourceColumn": "trimestre",
            "formatString": "0",
            "sourceProviderType": "int",
            "sourceLineageTag": "trimestre",
            "summarizeBy": "sum",
            "annotations": [
              {
                "name": "SummarizationSetBy",
                "value": "Automatic"
              }
            ]
          },
          {
            "name": "semanaAnn",
            "dataType": "int64",
            "sourceColumn": "semanaAnn",
            "formatString": "0",
            "sourceProviderType": "int",
            "sourceLineageTag": "semanaAnn",
            "summarizeBy": "sum",
            "annotations": [
              {
                "name": "SummarizationSetBy",
                "value": "Automatic"
              }
            ]
          }
        ],
        "partitions": [
          {
            "name": "{{Partition_Name}}",
            "mode": "directLake",
            "source": {
              "type": "entity",
              "entityName": "calendar",
              "expressionSource": "DatabaseQuery",
              "schemaName": "MRS"
            }
          }
        ],
        "annotations": [
          {
            "name": "IsTableInBiModel",
            "value": "False"
          }
        ]
      },
      {
        "name": "campaigns",
        "sourceLineageTag": "[MRS].[campaigns]",
        "columns": [
          {
            "name": "CampaignID",
            "dataType": "string",
            "sourceColumn": "CampaignID",
            "sourceProviderType": "varchar",
            "sourceLineageTag": "CampaignID",
            "summarizeBy": "none",
            "annotations": [
              {
                "name": "SummarizationSetBy",
                "value": "Automatic"
              }
            ]
          },
          {
            "name": "Channel",
            "dataType": "string",
            "sourceColumn": "Channel",
            "sourceProviderType": "varchar",
            "sourceLineageTag": "Channel",
            "summarizeBy": "none",
            "annotations": [
              {
                "name": "SummarizationSetBy",
                "value": "Automatic"
              }
            ]
          },
          {
            "name": "CampaignName",
            "dataType": "string",
            "sourceColumn": "CampaignName",
            "sourceProviderType": "varchar",
            "sourceLineageTag": "CampaignName",
            "summarizeBy": "none",
            "annotations": [
              {
                "name": "SummarizationSetBy",
                "value": "Automatic"
              }
            ]
          },
          {
            "name": "StartDate",
            "dataType": "dateTime",
            "sourceColumn": "StartDate",
            "formatString": "General Date",
            "sourceProviderType": "date",
            "sourceLineageTag": "StartDate",
            "summarizeBy": "none",
            "annotations": [
              {
                "name": "SummarizationSetBy",
                "value": "Automatic"
              }
            ]
          },
          {
            "name": "EndDate",
            "dataType": "dateTime",
            "sourceColumn": "EndDate",
            "formatString": "General Date",
            "sourceProviderType": "date",
            "sourceLineageTag": "EndDate",
            "summarizeBy": "none",
            "annotations": [
              {
                "name": "SummarizationSetBy",
                "value": "Automatic"
              }
            ]
          },
          {
            "name": "BudgetUSD",
            "dataType": "double",
            "sourceColumn": "BudgetUSD",
            "sourceProviderType": "real",
            "sourceLineageTag": "BudgetUSD",
            "summarizeBy": "sum",
            "annotations": [
              {
                "name": "SummarizationSetBy",
                "value": "Automatic"
              },
              {
                "name": "PBI_FormatHint",
                "value": "{\"isGeneralNumber\":true}"
              }
            ]
          }
        ],
        "partitions": [
          {
            "name": "{{Partition_Name}}",
            "mode": "directLake",
            "source": {
              "type": "entity",
              "entityName": "campaigns",
              "expressionSource": "DatabaseQuery",
              "schemaName": "MRS"
            }
          }
        ],
        "annotations": [
          {
            "name": "IsTableInBiModel",
            "value": "False"
          }
        ]
      },
      {
        "name": "clients",
        "sourceLineageTag": "[MRS].[clients]",
        "columns": [
          {
            "name": "ClientID",
            "dataType": "string",
            "sourceColumn": "ClientID",
            "sourceProviderType": "varchar",
            "sourceLineageTag": "ClientID",
            "summarizeBy": "none",
            "annotations": [
              {
                "name": "SummarizationSetBy",
                "value": "Automatic"
              }
            ]
          },
          {
            "name": "FirstName",
            "dataType": "string",
            "sourceColumn": "FirstName",
            "sourceProviderType": "varchar",
            "sourceLineageTag": "FirstName",
            "summarizeBy": "none",
            "annotations": [
              {
                "name": "SummarizationSetBy",
                "value": "Automatic"
              }
            ]
          },
          {
            "name": "LastName",
            "dataType": "string",
            "sourceColumn": "LastName",
            "sourceProviderType": "varchar",
            "sourceLineageTag": "LastName",
            "summarizeBy": "none",
            "annotations": [
              {
                "name": "SummarizationSetBy",
                "value": "Automatic"
              }
            ]
          },
          {
            "name": "Email",
            "dataType": "string",
            "sourceColumn": "Email",
            "sourceProviderType": "varchar",
            "sourceLineageTag": "Email",
            "summarizeBy": "none",
            "annotations": [
              {
                "name": "SummarizationSetBy",
                "value": "Automatic"
              }
            ]
          },
          {
            "name": "Region",
            "dataType": "string",
            "sourceColumn": "Region",
            "sourceProviderType": "varchar",
            "sourceLineageTag": "Region",
            "summarizeBy": "none",
            "annotations": [
              {
                "name": "SummarizationSetBy",
                "value": "Automatic"
              }
            ]
          }
        ],
        "partitions": [
          {
            "name": "{{Partition_Name}}",
            "mode": "directLake",
            "source": {
              "type": "entity",
              "entityName": "clients",
              "expressionSource": "DatabaseQuery",
              "schemaName": "MRS"
            }
          }
        ],
        "annotations": [
          {
            "name": "IsTableInBiModel",
            "value": "False"
          }
        ]
      },
      {
        "name": "leads",
        "sourceLineageTag": "[MRS].[leads]",
        "columns": [
          {
            "name": "LeadID",
            "dataType": "string",
            "sourceColumn": "LeadID",
            "sourceProviderType": "varchar",
            "sourceLineageTag": "LeadID",
            "summarizeBy": "none",
            "annotations": [
              {
                "name": "SummarizationSetBy",
                "value": "Automatic"
              }
            ]
          },
          {
            "name": "ClientID",
            "dataType": "string",
            "sourceColumn": "ClientID",
            "sourceProviderType": "varchar",
            "sourceLineageTag": "ClientID",
            "summarizeBy": "none",
            "annotations": [
              {
                "name": "SummarizationSetBy",
                "value": "Automatic"
              }
            ]
          },
          {
            "name": "PropertyID",
            "dataType": "string",
            "sourceColumn": "PropertyID",
            "sourceProviderType": "varchar",
            "sourceLineageTag": "PropertyID",
            "summarizeBy": "none",
            "annotations": [
              {
                "name": "SummarizationSetBy",
                "value": "Automatic"
              }
            ]
          },
          {
            "name": "CampaignID",
            "dataType": "string",
            "sourceColumn": "CampaignID",
            "sourceProviderType": "varchar",
            "sourceLineageTag": "CampaignID",
            "summarizeBy": "none",
            "annotations": [
              {
                "name": "SummarizationSetBy",
                "value": "Automatic"
              }
            ]
          },
          {
            "name": "LeadDate",
            "dataType": "dateTime",
            "sourceColumn": "LeadDate",
            "formatString": "General Date",
            "sourceProviderType": "datetime2",
            "sourceLineageTag": "LeadDate",
            "summarizeBy": "none",
            "annotations": [
              {
                "name": "SummarizationSetBy",
                "value": "Automatic"
              }
            ]
          },
          {
            "name": "LeadSource",
            "dataType": "string",
            "sourceColumn": "LeadSource",
            "sourceProviderType": "varchar",
            "sourceLineageTag": "LeadSource",
            "summarizeBy": "none",
            "annotations": [
              {
                "name": "SummarizationSetBy",
                "value": "Automatic"
              }
            ]
          }
        ],
        "partitions": [
          {
            "name": "{{Partition_Name}}",
            "mode": "directLake",
            "source": {
              "type": "entity",
              "entityName": "leads",
              "expressionSource": "DatabaseQuery",
              "schemaName": "MRS"
            }
          }
        ],
        "annotations": [
          {
            "name": "IsTableInBiModel",
            "value": "False"
          }
        ]
      },
      {
        "name": "medidas",
        "sourceLineageTag": "[MRS].[medidas]",
        "columns": [
          {
            "name": "formula",
            "dataType": "string",
            "sourceColumn": "formula",
            "sourceProviderType": "varchar",
            "sourceLineageTag": "formula",
            "summarizeBy": "none",
            "annotations": [
              {
                "name": "SummarizationSetBy",
                "value": "Automatic"
              }
            ]
          }
        ],
        "partitions": [
          {
            "name": "{{Partition_Name}}",
            "mode": "directLake",
            "source": {
              "type": "entity",
              "entityName": "medidas",
              "expressionSource": "DatabaseQuery",
              "schemaName": "MRS"
            }
          }
        ],
        "annotations": [
          {
            "name": "IsTableInBiModel",
            "value": "False"
          }
        ]
      },
      {
        "name": "projects",
        "sourceLineageTag": "[MRS].[projects]",
        "columns": [
          {
            "name": "ProjectID",
            "dataType": "string",
            "sourceColumn": "ProjectID",
            "sourceProviderType": "varchar",
            "sourceLineageTag": "ProjectID",
            "summarizeBy": "none",
            "annotations": [
              {
                "name": "SummarizationSetBy",
                "value": "Automatic"
              }
            ]
          },
          {
            "name": "ProjectName",
            "dataType": "string",
            "sourceColumn": "ProjectName",
            "sourceProviderType": "varchar",
            "sourceLineageTag": "ProjectName",
            "summarizeBy": "none",
            "annotations": [
              {
                "name": "SummarizationSetBy",
                "value": "Automatic"
              }
            ]
          },
          {
            "name": "City",
            "dataType": "string",
            "sourceColumn": "City",
            "sourceProviderType": "varchar",
            "sourceLineageTag": "City",
            "summarizeBy": "none",
            "annotations": [
              {
                "name": "SummarizationSetBy",
                "value": "Automatic"
              }
            ]
          },
          {
            "name": "Region",
            "dataType": "string",
            "sourceColumn": "Region",
            "sourceProviderType": "varchar",
            "sourceLineageTag": "Region",
            "summarizeBy": "none",
            "annotations": [
              {
                "name": "SummarizationSetBy",
                "value": "Automatic"
              }
            ]
          },
          {
            "name": "LaunchYear",
            "dataType": "string",
            "sourceColumn": "LaunchYear",
            "sourceProviderType": "varchar",
            "sourceLineageTag": "LaunchYear",
            "summarizeBy": "none",
            "annotations": [
              {
                "name": "SummarizationSetBy",
                "value": "Automatic"
              }
            ]
          },
          {
            "name": "Status",
            "dataType": "string",
            "sourceColumn": "Status",
            "sourceProviderType": "varchar",
            "sourceLineageTag": "Status",
            "summarizeBy": "none",
            "annotations": [
              {
                "name": "SummarizationSetBy",
                "value": "Automatic"
              }
            ]
          }
        ],
        "partitions": [
          {
            "name": "{{Partition_Name}}",
            "mode": "directLake",
            "source": {
              "type": "entity",
              "entityName": "projects",
              "expressionSource": "DatabaseQuery",
              "schemaName": "MRS"
            }
          }
        ],
        "annotations": [
          {
            "name": "IsTableInBiModel",
            "value": "False"
          }
        ]
      },
      {
        "name": "properties",
        "sourceLineageTag": "[MRS].[properties]",
        "columns": [
          {
            "name": "PropertyID",
            "dataType": "string",
            "sourceColumn": "PropertyID",
            "sourceProviderType": "varchar",
            "sourceLineageTag": "PropertyID",
            "summarizeBy": "none",
            "annotations": [
              {
                "name": "SummarizationSetBy",
                "value": "Automatic"
              }
            ]
          },
          {
            "name": "ProjectID",
            "dataType": "string",
            "sourceColumn": "ProjectID",
            "sourceProviderType": "varchar",
            "sourceLineageTag": "ProjectID",
            "summarizeBy": "none",
            "annotations": [
              {
                "name": "SummarizationSetBy",
                "value": "Automatic"
              }
            ]
          },
          {
            "name": "PropertyType",
            "dataType": "string",
            "sourceColumn": "PropertyType",
            "sourceProviderType": "varchar",
            "sourceLineageTag": "PropertyType",
            "summarizeBy": "none",
            "annotations": [
              {
                "name": "SummarizationSetBy",
                "value": "Automatic"
              }
            ]
          },
          {
            "name": "Size_m2",
            "dataType": "string",
            "sourceColumn": "Size_m2",
            "sourceProviderType": "varchar",
            "sourceLineageTag": "Size_m2",
            "summarizeBy": "none",
            "annotations": [
              {
                "name": "SummarizationSetBy",
                "value": "Automatic"
              }
            ]
          },
          {
            "name": "Bedrooms",
            "dataType": "string",
            "sourceColumn": "Bedrooms",
            "sourceProviderType": "varchar",
            "sourceLineageTag": "Bedrooms",
            "summarizeBy": "none",
            "annotations": [
              {
                "name": "SummarizationSetBy",
                "value": "Automatic"
              }
            ]
          },
          {
            "name": "Bathrooms",
            "dataType": "string",
            "sourceColumn": "Bathrooms",
            "sourceProviderType": "varchar",
            "sourceLineageTag": "Bathrooms",
            "summarizeBy": "none",
            "annotations": [
              {
                "name": "SummarizationSetBy",
                "value": "Automatic"
              }
            ]
          },
          {
            "name": "ListPriceUSD",
            "dataType": "string",
            "sourceColumn": "ListPriceUSD",
            "sourceProviderType": "varchar",
            "sourceLineageTag": "ListPriceUSD",
            "summarizeBy": "none",
            "annotations": [
              {
                "name": "SummarizationSetBy",
                "value": "Automatic"
              }
            ]
          },
          {
            "name": "AvailabilityStatus",
            "dataType": "string",
            "sourceColumn": "AvailabilityStatus",
            "sourceProviderType": "varchar",
            "sourceLineageTag": "AvailabilityStatus",
            "summarizeBy": "none",
            "annotations": [
              {
                "name": "SummarizationSetBy",
                "value": "Automatic"
              }
            ]
          }
        ],
        "partitions": [
          {
            "name": "{{Partition_Name}}",
            "mode": "directLake",
            "source": {
              "type": "entity",
              "entityName": "properties",
              "expressionSource": "DatabaseQuery",
              "schemaName": "MRS"
            }
          }
        ],
        "annotations": [
          {
            "name": "IsTableInBiModel",
            "value": "False"
          }
        ]
      },
      {
        "name": "sales",
        "sourceLineageTag": "[MRS].[sales]",
        "columns": [
          {
            "name": "SaleID",
            "dataType": "string",
            "sourceColumn": "SaleID",
            "sourceProviderType": "varchar",
            "sourceLineageTag": "SaleID",
            "summarizeBy": "none",
            "annotations": [
              {
                "name": "SummarizationSetBy",
                "value": "Automatic"
              }
            ]
          },
          {
            "name": "PropertyID",
            "dataType": "string",
            "sourceColumn": "PropertyID",
            "sourceProviderType": "varchar",
            "sourceLineageTag": "PropertyID",
            "summarizeBy": "none",
            "annotations": [
              {
                "name": "SummarizationSetBy",
                "value": "Automatic"
              }
            ]
          },
          {
            "name": "ClientID",
            "dataType": "string",
            "sourceColumn": "ClientID",
            "sourceProviderType": "varchar",
            "sourceLineageTag": "ClientID",
            "summarizeBy": "none",
            "annotations": [
              {
                "name": "SummarizationSetBy",
                "value": "Automatic"
              }
            ]
          },
          {
            "name": "BrokerID",
            "dataType": "string",
            "sourceColumn": "BrokerID",
            "sourceProviderType": "varchar",
            "sourceLineageTag": "BrokerID",
            "summarizeBy": "none",
            "annotations": [
              {
                "name": "SummarizationSetBy",
                "value": "Automatic"
              }
            ]
          },
          {
            "name": "SaleDate",
            "dataType": "dateTime",
            "sourceColumn": "SaleDate",
            "formatString": "General Date",
            "sourceProviderType": "date",
            "sourceLineageTag": "SaleDate",
            "summarizeBy": "none",
            "annotations": [
              {
                "name": "SummarizationSetBy",
                "value": "Automatic"
              }
            ]
          },
          {
            "name": "SalePriceUSD",
            "dataType": "double",
            "sourceColumn": "SalePriceUSD",
            "sourceProviderType": "real",
            "sourceLineageTag": "SalePriceUSD",
            "summarizeBy": "sum",
            "annotations": [
              {
                "name": "SummarizationSetBy",
                "value": "Automatic"
              },
              {
                "name": "PBI_FormatHint",
                "value": "{\"isGeneralNumber\":true}"
              }
            ]
          }
        ],
        "partitions": [
          {
            "name": "{{Partition_Name}}",
            "mode": "directLake",
            "source": {
              "type": "entity",
              "entityName": "sales",
              "expressionSource": "DatabaseQuery",
              "schemaName": "MRS"
            }
          }
        ],
        "annotations": [
          {
            "name": "IsTableInBiModel",
            "value": "False"
          }
        ]
      },
      {
        "name": "tmp_brokers",
        "sourceLineageTag": "[dbo].[tmp_brokers]",
        "columns": [
          {
            "name": "BrokerID",
            "dataType": "string",
            "sourceColumn": "BrokerID",
            "sourceProviderType": "varchar",
            "sourceLineageTag": "BrokerID",
            "summarizeBy": "none",
            "annotations": [
              {
                "name": "SummarizationSetBy",
                "value": "Automatic"
              }
            ]
          },
          {
            "name": "BrokerName",
            "dataType": "string",
            "sourceColumn": "BrokerName",
            "sourceProviderType": "varchar",
            "sourceLineageTag": "BrokerName",
            "summarizeBy": "none",
            "annotations": [
              {
                "name": "SummarizationSetBy",
                "value": "Automatic"
              }
            ]
          },
          {
            "name": "Region",
            "dataType": "string",
            "sourceColumn": "Region",
            "sourceProviderType": "varchar",
            "sourceLineageTag": "Region",
            "summarizeBy": "none",
            "annotations": [
              {
                "name": "SummarizationSetBy",
                "value": "Automatic"
              }
            ]
          },
          {
            "name": "Email",
            "dataType": "string",
            "sourceColumn": "Email",
            "sourceProviderType": "varchar",
            "sourceLineageTag": "Email",
            "summarizeBy": "none",
            "annotations": [
              {
                "name": "SummarizationSetBy",
                "value": "Automatic"
              }
            ]
          }
        ],
        "partitions": [
          {
            "name": "{{Partition_Name}}",
            "mode": "directLake",
            "source": {
              "type": "entity",
              "entityName": "tmp_brokers",
              "expressionSource": "DatabaseQuery",
              "schemaName": "dbo"
            }
          }
        ],
        "annotations": [
          {
            "name": "IsTableInBiModel",
            "value": "False"
          }
        ]
      },
      {
        "name": "tmp_campaigns",
        "sourceLineageTag": "[dbo].[tmp_campaigns]",
        "columns": [
          {
            "name": "CampaignID",
            "dataType": "string",
            "sourceColumn": "CampaignID",
            "sourceProviderType": "varchar",
            "sourceLineageTag": "CampaignID",
            "summarizeBy": "none",
            "annotations": [
              {
                "name": "SummarizationSetBy",
                "value": "Automatic"
              }
            ]
          },
          {
            "name": "Channel",
            "dataType": "string",
            "sourceColumn": "Channel",
            "sourceProviderType": "varchar",
            "sourceLineageTag": "Channel",
            "summarizeBy": "none",
            "annotations": [
              {
                "name": "SummarizationSetBy",
                "value": "Automatic"
              }
            ]
          },
          {
            "name": "CampaignName",
            "dataType": "string",
            "sourceColumn": "CampaignName",
            "sourceProviderType": "varchar",
            "sourceLineageTag": "CampaignName",
            "summarizeBy": "none",
            "annotations": [
              {
                "name": "SummarizationSetBy",
                "value": "Automatic"
              }
            ]
          },
          {
            "name": "StartDate",
            "dataType": "string",
            "sourceColumn": "StartDate",
            "sourceProviderType": "varchar",
            "sourceLineageTag": "StartDate",
            "summarizeBy": "none",
            "annotations": [
              {
                "name": "SummarizationSetBy",
                "value": "Automatic"
              }
            ]
          },
          {
            "name": "EndDate",
            "dataType": "string",
            "sourceColumn": "EndDate",
            "sourceProviderType": "varchar",
            "sourceLineageTag": "EndDate",
            "summarizeBy": "none",
            "annotations": [
              {
                "name": "SummarizationSetBy",
                "value": "Automatic"
              }
            ]
          },
          {
            "name": "BudgetUSD",
            "dataType": "string",
            "sourceColumn": "BudgetUSD",
            "sourceProviderType": "varchar",
            "sourceLineageTag": "BudgetUSD",
            "summarizeBy": "none",
            "annotations": [
              {
                "name": "SummarizationSetBy",
                "value": "Automatic"
              }
            ]
          }
        ],
        "partitions": [
          {
            "name": "{{Partition_Name}}",
            "mode": "directLake",
            "source": {
              "type": "entity",
              "entityName": "tmp_campaigns",
              "expressionSource": "DatabaseQuery",
              "schemaName": "dbo"
            }
          }
        ],
        "annotations": [
          {
            "name": "IsTableInBiModel",
            "value": "False"
          }
        ]
      },
      {
        "name": "tmp_clients",
        "sourceLineageTag": "[dbo].[tmp_clients]",
        "columns": [
          {
            "name": "ClientID",
            "dataType": "string",
            "sourceColumn": "ClientID",
            "sourceProviderType": "varchar",
            "sourceLineageTag": "ClientID",
            "summarizeBy": "none",
            "annotations": [
              {
                "name": "SummarizationSetBy",
                "value": "Automatic"
              }
            ]
          },
          {
            "name": "FirstName",
            "dataType": "string",
            "sourceColumn": "FirstName",
            "sourceProviderType": "varchar",
            "sourceLineageTag": "FirstName",
            "summarizeBy": "none",
            "annotations": [
              {
                "name": "SummarizationSetBy",
                "value": "Automatic"
              }
            ]
          },
          {
            "name": "LastName",
            "dataType": "string",
            "sourceColumn": "LastName",
            "sourceProviderType": "varchar",
            "sourceLineageTag": "LastName",
            "summarizeBy": "none",
            "annotations": [
              {
                "name": "SummarizationSetBy",
                "value": "Automatic"
              }
            ]
          },
          {
            "name": "Email",
            "dataType": "string",
            "sourceColumn": "Email",
            "sourceProviderType": "varchar",
            "sourceLineageTag": "Email",
            "summarizeBy": "none",
            "annotations": [
              {
                "name": "SummarizationSetBy",
                "value": "Automatic"
              }
            ]
          },
          {
            "name": "Region",
            "dataType": "string",
            "sourceColumn": "Region",
            "sourceProviderType": "varchar",
            "sourceLineageTag": "Region",
            "summarizeBy": "none",
            "annotations": [
              {
                "name": "SummarizationSetBy",
                "value": "Automatic"
              }
            ]
          }
        ],
        "partitions": [
          {
            "name": "{{Partition_Name}}",
            "mode": "directLake",
            "source": {
              "type": "entity",
              "entityName": "tmp_clients",
              "expressionSource": "DatabaseQuery",
              "schemaName": "dbo"
            }
          }
        ],
        "annotations": [
          {
            "name": "IsTableInBiModel",
            "value": "False"
          }
        ]
      },
      {
        "name": "tmp_leads",
        "sourceLineageTag": "[dbo].[tmp_leads]",
        "columns": [
          {
            "name": "LeadID",
            "dataType": "string",
            "sourceColumn": "LeadID",
            "sourceProviderType": "varchar",
            "sourceLineageTag": "LeadID",
            "summarizeBy": "none",
            "annotations": [
              {
                "name": "SummarizationSetBy",
                "value": "Automatic"
              }
            ]
          },
          {
            "name": "ClientID",
            "dataType": "string",
            "sourceColumn": "ClientID",
            "sourceProviderType": "varchar",
            "sourceLineageTag": "ClientID",
            "summarizeBy": "none",
            "annotations": [
              {
                "name": "SummarizationSetBy",
                "value": "Automatic"
              }
            ]
          },
          {
            "name": "PropertyID",
            "dataType": "string",
            "sourceColumn": "PropertyID",
            "sourceProviderType": "varchar",
            "sourceLineageTag": "PropertyID",
            "summarizeBy": "none",
            "annotations": [
              {
                "name": "SummarizationSetBy",
                "value": "Automatic"
              }
            ]
          },
          {
            "name": "CampaignID",
            "dataType": "string",
            "sourceColumn": "CampaignID",
            "sourceProviderType": "varchar",
            "sourceLineageTag": "CampaignID",
            "summarizeBy": "none",
            "annotations": [
              {
                "name": "SummarizationSetBy",
                "value": "Automatic"
              }
            ]
          },
          {
            "name": "LeadDate",
            "dataType": "dateTime",
            "sourceColumn": "LeadDate",
            "formatString": "General Date",
            "sourceProviderType": "datetime2",
            "sourceLineageTag": "LeadDate",
            "summarizeBy": "none",
            "annotations": [
              {
                "name": "SummarizationSetBy",
                "value": "Automatic"
              }
            ]
          },
          {
            "name": "LeadSource",
            "dataType": "string",
            "sourceColumn": "LeadSource",
            "sourceProviderType": "varchar",
            "sourceLineageTag": "LeadSource",
            "summarizeBy": "none",
            "annotations": [
              {
                "name": "SummarizationSetBy",
                "value": "Automatic"
              }
            ]
          }
        ],
        "partitions": [
          {
            "name": "{{Partition_Name}}",
            "mode": "directLake",
            "source": {
              "type": "entity",
              "entityName": "tmp_leads",
              "expressionSource": "DatabaseQuery",
              "schemaName": "dbo"
            }
          }
        ],
        "annotations": [
          {
            "name": "IsTableInBiModel",
            "value": "False"
          }
        ]
      },
      {
        "name": "tmp_projects",
        "sourceLineageTag": "[dbo].[tmp_projects]",
        "columns": [
          {
            "name": "ProjectID",
            "dataType": "string",
            "sourceColumn": "ProjectID",
            "sourceProviderType": "varchar",
            "sourceLineageTag": "ProjectID",
            "summarizeBy": "none",
            "annotations": [
              {
                "name": "SummarizationSetBy",
                "value": "Automatic"
              }
            ]
          },
          {
            "name": "ProjectName",
            "dataType": "string",
            "sourceColumn": "ProjectName",
            "sourceProviderType": "varchar",
            "sourceLineageTag": "ProjectName",
            "summarizeBy": "none",
            "annotations": [
              {
                "name": "SummarizationSetBy",
                "value": "Automatic"
              }
            ]
          },
          {
            "name": "City",
            "dataType": "string",
            "sourceColumn": "City",
            "sourceProviderType": "varchar",
            "sourceLineageTag": "City",
            "summarizeBy": "none",
            "annotations": [
              {
                "name": "SummarizationSetBy",
                "value": "Automatic"
              }
            ]
          },
          {
            "name": "Region",
            "dataType": "string",
            "sourceColumn": "Region",
            "sourceProviderType": "varchar",
            "sourceLineageTag": "Region",
            "summarizeBy": "none",
            "annotations": [
              {
                "name": "SummarizationSetBy",
                "value": "Automatic"
              }
            ]
          },
          {
            "name": "LaunchYear",
            "dataType": "string",
            "sourceColumn": "LaunchYear",
            "sourceProviderType": "varchar",
            "sourceLineageTag": "LaunchYear",
            "summarizeBy": "none",
            "annotations": [
              {
                "name": "SummarizationSetBy",
                "value": "Automatic"
              }
            ]
          },
          {
            "name": "Status",
            "dataType": "string",
            "sourceColumn": "Status",
            "sourceProviderType": "varchar",
            "sourceLineageTag": "Status",
            "summarizeBy": "none",
            "annotations": [
              {
                "name": "SummarizationSetBy",
                "value": "Automatic"
              }
            ]
          }
        ],
        "partitions": [
          {
            "name": "{{Partition_Name}}",
            "mode": "directLake",
            "source": {
              "type": "entity",
              "entityName": "tmp_projects",
              "expressionSource": "DatabaseQuery",
              "schemaName": "dbo"
            }
          }
        ],
        "annotations": [
          {
            "name": "IsTableInBiModel",
            "value": "False"
          }
        ]
      },
      {
        "name": "tmp_properties",
        "sourceLineageTag": "[dbo].[tmp_properties]",
        "columns": [
          {
            "name": "PropertyID",
            "dataType": "string",
            "sourceColumn": "PropertyID",
            "sourceProviderType": "varchar",
            "sourceLineageTag": "PropertyID",
            "summarizeBy": "none",
            "annotations": [
              {
                "name": "SummarizationSetBy",
                "value": "Automatic"
              }
            ]
          },
          {
            "name": "ProjectID",
            "dataType": "string",
            "sourceColumn": "ProjectID",
            "sourceProviderType": "varchar",
            "sourceLineageTag": "ProjectID",
            "summarizeBy": "none",
            "annotations": [
              {
                "name": "SummarizationSetBy",
                "value": "Automatic"
              }
            ]
          },
          {
            "name": "PropertyType",
            "dataType": "string",
            "sourceColumn": "PropertyType",
            "sourceProviderType": "varchar",
            "sourceLineageTag": "PropertyType",
            "summarizeBy": "none",
            "annotations": [
              {
                "name": "SummarizationSetBy",
                "value": "Automatic"
              }
            ]
          },
          {
            "name": "Size_m2",
            "dataType": "string",
            "sourceColumn": "Size_m2",
            "sourceProviderType": "varchar",
            "sourceLineageTag": "Size_m2",
            "summarizeBy": "none",
            "annotations": [
              {
                "name": "SummarizationSetBy",
                "value": "Automatic"
              }
            ]
          },
          {
            "name": "Bedrooms",
            "dataType": "string",
            "sourceColumn": "Bedrooms",
            "sourceProviderType": "varchar",
            "sourceLineageTag": "Bedrooms",
            "summarizeBy": "none",
            "annotations": [
              {
                "name": "SummarizationSetBy",
                "value": "Automatic"
              }
            ]
          },
          {
            "name": "Bathrooms",
            "dataType": "string",
            "sourceColumn": "Bathrooms",
            "sourceProviderType": "varchar",
            "sourceLineageTag": "Bathrooms",
            "summarizeBy": "none",
            "annotations": [
              {
                "name": "SummarizationSetBy",
                "value": "Automatic"
              }
            ]
          },
          {
            "name": "ListPriceUSD",
            "dataType": "string",
            "sourceColumn": "ListPriceUSD",
            "sourceProviderType": "varchar",
            "sourceLineageTag": "ListPriceUSD",
            "summarizeBy": "none",
            "annotations": [
              {
                "name": "SummarizationSetBy",
                "value": "Automatic"
              }
            ]
          },
          {
            "name": "AvailabilityStatus",
            "dataType": "string",
            "sourceColumn": "AvailabilityStatus",
            "sourceProviderType": "varchar",
            "sourceLineageTag": "AvailabilityStatus",
            "summarizeBy": "none",
            "annotations": [
              {
                "name": "SummarizationSetBy",
                "value": "Automatic"
              }
            ]
          }
        ],
        "partitions": [
          {
            "name": "{{Partition_Name}}",
            "mode": "directLake",
            "source": {
              "type": "entity",
              "entityName": "tmp_properties",
              "expressionSource": "DatabaseQuery",
              "schemaName": "dbo"
            }
          }
        ],
        "annotations": [
          {
            "name": "IsTableInBiModel",
            "value": "False"
          }
        ]
      },
      {
        "name": "tmp_sales",
        "sourceLineageTag": "[dbo].[tmp_sales]",
        "columns": [
          {
            "name": "SaleID",
            "dataType": "string",
            "sourceColumn": "SaleID",
            "sourceProviderType": "varchar",
            "sourceLineageTag": "SaleID",
            "summarizeBy": "none",
            "annotations": [
              {
                "name": "SummarizationSetBy",
                "value": "Automatic"
              }
            ]
          },
          {
            "name": "PropertyID",
            "dataType": "string",
            "sourceColumn": "PropertyID",
            "sourceProviderType": "varchar",
            "sourceLineageTag": "PropertyID",
            "summarizeBy": "none",
            "annotations": [
              {
                "name": "SummarizationSetBy",
                "value": "Automatic"
              }
            ]
          },
          {
            "name": "ClientID",
            "dataType": "string",
            "sourceColumn": "ClientID",
            "sourceProviderType": "varchar",
            "sourceLineageTag": "ClientID",
            "summarizeBy": "none",
            "annotations": [
              {
                "name": "SummarizationSetBy",
                "value": "Automatic"
              }
            ]
          },
          {
            "name": "BrokerID",
            "dataType": "string",
            "sourceColumn": "BrokerID",
            "sourceProviderType": "varchar",
            "sourceLineageTag": "BrokerID",
            "summarizeBy": "none",
            "annotations": [
              {
                "name": "SummarizationSetBy",
                "value": "Automatic"
              }
            ]
          },
          {
            "name": "SaleDate",
            "dataType": "string",
            "sourceColumn": "SaleDate",
            "sourceProviderType": "varchar",
            "sourceLineageTag": "SaleDate",
            "summarizeBy": "none",
            "annotations": [
              {
                "name": "SummarizationSetBy",
                "value": "Automatic"
              }
            ]
          },
          {
            "name": "SalePriceUSD",
            "dataType": "string",
            "sourceColumn": "SalePriceUSD",
            "sourceProviderType": "varchar",
            "sourceLineageTag": "SalePriceUSD",
            "summarizeBy": "none",
            "annotations": [
              {
                "name": "SummarizationSetBy",
                "value": "Automatic"
              }
            ]
          }
        ],
        "partitions": [
          {
            "name": "{{Partition_Name}}",
            "mode": "directLake",
            "source": {
              "type": "entity",
              "entityName": "tmp_sales",
              "expressionSource": "DatabaseQuery",
              "schemaName": "dbo"
            }
          }
        ],
        "annotations": [
          {
            "name": "IsTableInBiModel",
            "value": "False"
          }
        ]
      }
    ],
    "expressions": [
      {
        "name": "DatabaseQuery",
        "kind": "m",
        "expression": "let\n    database = {{TDS_Endpoint}}\nin\n    database\n"
      }
    ],
    "annotations": [
      {
        "name": "__PBI_TimeIntelligenceEnabled",
        "value": "0"
      },
      {
        "name": "SourceLineageTagType",
        "value": "DatabaseFullyQualifiedName"
      }
    ]
  }
}