{"$schema":"http://schema.management.azure.com/schemas/2015-01-01/deploymentTemplate.json#","contentVersion":"1.0.0.0","parameters":{"cnx4 JohnElvisArteagaRobles":{"type":"string"},"LK_brz_MartinicaRealState":{"type":"string"}},"variables":{},"resources":[{"name":"pl_brz_ingesta_dim","type":"pipelines","apiVersion":"2018-06-01","properties":{"activities":[{"name":"brokers","type":"Copy","dependsOn":[],"policy":{"timeout":"0.12:00:00","retry":0,"retryIntervalInSeconds":30,"secureOutput":false,"secureInput":false},"typeProperties":{"source":{"type":"DelimitedTextSource","storeSettings":{"type":"AzureBlobFSReadSettings","recursive":true,"enablePartitionDiscovery":false},"formatSettings":{"type":"DelimitedTextReadSettings","skipLineCount":0},"datasetSettings":{"annotations":[],"type":"DelimitedText","typeProperties":{"location":{"type":"AzureBlobFSLocation","fileName":"brokers.csv","folderPath":"raw_data","fileSystem":"realstate"},"columnDelimiter":",","rowDelimiter":"\n","escapeChar":"\\","firstRowAsHeader":true,"quoteChar":"\""},"schema":[],"externalReferences":{"connection":"[parameters('cnx4 JohnElvisArteagaRobles')]"}}},"sink":{"type":"LakehouseTableSink","tableActionOption":"OverwriteSchema","partitionOption":"None","datasetSettings":{"annotations":[],"linkedService":{"name":"LK_brz_MartinicaRealState","properties":{"annotations":[],"type":"Lakehouse","typeProperties":{"workspaceId":"ea28678d-0ede-4863-b76f-e9158b6328e4","artifactId":"[parameters('LK_brz_MartinicaRealState')]","rootFolder":"Tables"}}},"type":"LakehouseTable","schema":[],"typeProperties":{"table":"brokers"}}},"enableStaging":false,"translator":{"type":"TabularTranslator","mappings":[{"source":{"name":"BrokerID","type":"String","physicalType":"String"},"sink":{"name":"BrokerID","physicalType":"string"}},{"source":{"name":"BrokerName","type":"String","physicalType":"String"},"sink":{"name":"BrokerName","physicalType":"string"}},{"source":{"name":"Region","type":"String","physicalType":"String"},"sink":{"name":"Region","physicalType":"string"}},{"source":{"name":"Email","type":"String","physicalType":"String"},"sink":{"name":"Email","physicalType":"string"}}],"typeConversion":true,"typeConversionSettings":{"allowDataTruncation":true,"treatBooleanAsNumber":false}}}},{"name":"campaigns","type":"Copy","dependsOn":[{"activity":"brokers","dependencyConditions":["Completed"]}],"policy":{"timeout":"0.12:00:00","retry":0,"retryIntervalInSeconds":30,"secureOutput":false,"secureInput":false},"typeProperties":{"source":{"type":"DelimitedTextSource","storeSettings":{"type":"AzureBlobFSReadSettings","recursive":true,"enablePartitionDiscovery":false},"formatSettings":{"type":"DelimitedTextReadSettings","skipLineCount":0},"datasetSettings":{"annotations":[],"type":"DelimitedText","typeProperties":{"location":{"type":"AzureBlobFSLocation","fileName":"campaigns.csv","folderPath":"raw_data","fileSystem":"realstate"},"columnDelimiter":",","rowDelimiter":"\n","escapeChar":"\\","firstRowAsHeader":true,"quoteChar":"\""},"schema":[],"externalReferences":{"connection":"[parameters('cnx4 JohnElvisArteagaRobles')]"}}},"sink":{"type":"LakehouseTableSink","tableActionOption":"OverwriteSchema","partitionOption":"None","datasetSettings":{"annotations":[],"linkedService":{"name":"LK_brz_MartinicaRealState","properties":{"annotations":[],"type":"Lakehouse","typeProperties":{"workspaceId":"ea28678d-0ede-4863-b76f-e9158b6328e4","artifactId":"[parameters('LK_brz_MartinicaRealState')]","rootFolder":"Tables"}}},"type":"LakehouseTable","schema":[],"typeProperties":{"table":"campaigns"}}},"enableStaging":false,"translator":{"type":"TabularTranslator","mappings":[{"source":{"name":"CampaignID","type":"String","physicalType":"String"},"sink":{"name":"CampaignID","physicalType":"string"}},{"source":{"name":"Channel","type":"String","physicalType":"String"},"sink":{"name":"Channel","physicalType":"string"}},{"source":{"name":"CampaignName","type":"String","physicalType":"String"},"sink":{"name":"CampaignName","physicalType":"string"}},{"source":{"name":"StartDate","type":"String","physicalType":"String"},"sink":{"name":"StartDate","physicalType":"string"}},{"source":{"name":"EndDate","type":"String","physicalType":"String"},"sink":{"name":"EndDate","physicalType":"string"}},{"source":{"name":"BudgetUSD","type":"String","physicalType":"String"},"sink":{"name":"BudgetUSD","physicalType":"string"}}],"typeConversion":true,"typeConversionSettings":{"allowDataTruncation":true,"treatBooleanAsNumber":false}}}},{"name":"clients","type":"Copy","dependsOn":[{"activity":"campaigns","dependencyConditions":["Completed"]}],"policy":{"timeout":"0.12:00:00","retry":0,"retryIntervalInSeconds":30,"secureOutput":false,"secureInput":false},"typeProperties":{"source":{"type":"DelimitedTextSource","storeSettings":{"type":"AzureBlobFSReadSettings","recursive":true,"enablePartitionDiscovery":false},"formatSettings":{"type":"DelimitedTextReadSettings","skipLineCount":0},"datasetSettings":{"annotations":[],"type":"DelimitedText","typeProperties":{"location":{"type":"AzureBlobFSLocation","fileName":"clients.csv","folderPath":"raw_data","fileSystem":"realstate"},"columnDelimiter":",","rowDelimiter":"\n","escapeChar":"\\","firstRowAsHeader":true,"quoteChar":"\""},"schema":[],"externalReferences":{"connection":"[parameters('cnx4 JohnElvisArteagaRobles')]"}}},"sink":{"type":"LakehouseTableSink","tableActionOption":"OverwriteSchema","partitionOption":"None","datasetSettings":{"annotations":[],"linkedService":{"name":"LK_brz_MartinicaRealState","properties":{"annotations":[],"type":"Lakehouse","typeProperties":{"workspaceId":"ea28678d-0ede-4863-b76f-e9158b6328e4","artifactId":"[parameters('LK_brz_MartinicaRealState')]","rootFolder":"Tables"}}},"type":"LakehouseTable","schema":[],"typeProperties":{"table":"clients"}}},"enableStaging":false,"translator":{"type":"TabularTranslator","mappings":[{"source":{"name":"ClientID","type":"String","physicalType":"String"},"sink":{"name":"ClientID","physicalType":"string"}},{"source":{"name":"FirstName","type":"String","physicalType":"String"},"sink":{"name":"FirstName","physicalType":"string"}},{"source":{"name":"LastName","type":"String","physicalType":"String"},"sink":{"name":"LastName","physicalType":"string"}},{"source":{"name":"Email","type":"String","physicalType":"String"},"sink":{"name":"Email","physicalType":"string"}},{"source":{"name":"Region","type":"String","physicalType":"String"},"sink":{"name":"Region","physicalType":"string"}}],"typeConversion":true,"typeConversionSettings":{"allowDataTruncation":true,"treatBooleanAsNumber":false}}}},{"name":"projects","type":"Copy","dependsOn":[{"activity":"clients","dependencyConditions":["Completed"]}],"policy":{"timeout":"0.12:00:00","retry":0,"retryIntervalInSeconds":30,"secureOutput":false,"secureInput":false},"typeProperties":{"source":{"type":"DelimitedTextSource","storeSettings":{"type":"AzureBlobFSReadSettings","recursive":true,"enablePartitionDiscovery":false},"formatSettings":{"type":"DelimitedTextReadSettings","skipLineCount":0},"datasetSettings":{"annotations":[],"type":"DelimitedText","typeProperties":{"location":{"type":"AzureBlobFSLocation","fileName":"projects.csv","folderPath":"raw_data","fileSystem":"realstate"},"columnDelimiter":",","rowDelimiter":"\n","escapeChar":"\\","firstRowAsHeader":true,"quoteChar":"\""},"schema":[],"externalReferences":{"connection":"[parameters('cnx4 JohnElvisArteagaRobles')]"}}},"sink":{"type":"LakehouseTableSink","tableActionOption":"OverwriteSchema","partitionOption":"None","datasetSettings":{"annotations":[],"linkedService":{"name":"LK_brz_MartinicaRealState","properties":{"annotations":[],"type":"Lakehouse","typeProperties":{"workspaceId":"ea28678d-0ede-4863-b76f-e9158b6328e4","artifactId":"[parameters('LK_brz_MartinicaRealState')]","rootFolder":"Tables"}}},"type":"LakehouseTable","schema":[],"typeProperties":{"table":"projects"}}},"enableStaging":false,"translator":{"type":"TabularTranslator","mappings":[{"source":{"name":"ProjectID","type":"String","physicalType":"String"},"sink":{"name":"ProjectID","physicalType":"string"}},{"source":{"name":"ProjectName","type":"String","physicalType":"String"},"sink":{"name":"ProjectName","physicalType":"string"}},{"source":{"name":"City","type":"String","physicalType":"String"},"sink":{"name":"City","physicalType":"string"}},{"source":{"name":"Region","type":"String","physicalType":"String"},"sink":{"name":"Region","physicalType":"string"}},{"source":{"name":"LaunchYear","type":"String","physicalType":"String"},"sink":{"name":"LaunchYear","physicalType":"string"}},{"source":{"name":"Status","type":"String","physicalType":"String"},"sink":{"name":"Status","physicalType":"string"}}],"typeConversion":true,"typeConversionSettings":{"allowDataTruncation":true,"treatBooleanAsNumber":false}}}},{"name":"properties","type":"Copy","dependsOn":[{"activity":"projects","dependencyConditions":["Completed"]}],"policy":{"timeout":"0.12:00:00","retry":0,"retryIntervalInSeconds":30,"secureOutput":false,"secureInput":false},"typeProperties":{"source":{"type":"DelimitedTextSource","storeSettings":{"type":"AzureBlobFSReadSettings","recursive":true,"enablePartitionDiscovery":false},"formatSettings":{"type":"DelimitedTextReadSettings","skipLineCount":0},"datasetSettings":{"annotations":[],"type":"DelimitedText","typeProperties":{"location":{"type":"AzureBlobFSLocation","fileName":"properties.csv","folderPath":"raw_data","fileSystem":"realstate"},"columnDelimiter":",","rowDelimiter":"\n","escapeChar":"\\","firstRowAsHeader":true,"quoteChar":"\""},"schema":[],"externalReferences":{"connection":"[parameters('cnx4 JohnElvisArteagaRobles')]"}}},"sink":{"type":"LakehouseTableSink","tableActionOption":"OverwriteSchema","partitionOption":"None","datasetSettings":{"annotations":[],"linkedService":{"name":"LK_brz_MartinicaRealState","properties":{"annotations":[],"type":"Lakehouse","typeProperties":{"workspaceId":"ea28678d-0ede-4863-b76f-e9158b6328e4","artifactId":"[parameters('LK_brz_MartinicaRealState')]","rootFolder":"Tables"}}},"type":"LakehouseTable","schema":[],"typeProperties":{"table":"properties"}}},"enableStaging":false,"translator":{"type":"TabularTranslator","mappings":[{"source":{"name":"PropertyID","type":"String","physicalType":"String"},"sink":{"name":"PropertyID","physicalType":"string"}},{"source":{"name":"ProjectID","type":"String","physicalType":"String"},"sink":{"name":"ProjectID","physicalType":"string"}},{"source":{"name":"PropertyType","type":"String","physicalType":"String"},"sink":{"name":"PropertyType","physicalType":"string"}},{"source":{"name":"Size_m2","type":"String","physicalType":"String"},"sink":{"name":"Size_m2","physicalType":"string"}},{"source":{"name":"Bedrooms","type":"String","physicalType":"String"},"sink":{"name":"Bedrooms","physicalType":"string"}},{"source":{"name":"Bathrooms","type":"String","physicalType":"String"},"sink":{"name":"Bathrooms","physicalType":"string"}},{"source":{"name":"ListPriceUSD","type":"String","physicalType":"String"},"sink":{"name":"ListPriceUSD","physicalType":"string"}},{"source":{"name":"AvailabilityStatus","type":"String","physicalType":"String"},"sink":{"name":"AvailabilityStatus","physicalType":"string"}}],"typeConversion":true,"typeConversionSettings":{"allowDataTruncation":true,"treatBooleanAsNumber":false}}}}],"lastModifiedByObjectId":"4c33201c-7c15-4ea8-b9f1-d24dce650328","lastPublishTime":"2025-08-25T16:23:28Z"},"dependsOn":[]}]}