{"$schema":"http://schema.management.azure.com/schemas/2015-01-01/deploymentTemplate.json#","contentVersion":"1.0.0.0","parameters":{},"variables":{},"resources":[{"name":"pl_slv_proceso_fact","type":"pipelines","apiVersion":"2018-06-01","properties":{"activities":[{"name":"nt_slv_fact","type":"TridentNotebook","dependsOn":[],"policy":{"timeout":"0.12:00:00","retry":0,"retryIntervalInSeconds":30,"secureOutput":false,"secureInput":false},"typeProperties":{"notebookId":"084fc00e-365e-45f2-bc53-feaf4d1796df","workspaceId":"ea28678d-0ede-4863-b76f-e9158b6328e4"}}],"lastModifiedByObjectId":"4c33201c-7c15-4ea8-b9f1-d24dce650328","lastPublishTime":"2025-08-27T21:46:23Z"},"dependsOn":[]}]}