{"$schema":"http://schema.management.azure.com/schemas/2015-01-01/deploymentTemplate.json#","contentVersion":"1.0.0.0","parameters":{},"variables":{},"resources":[{"name":"pl_gld_cargadatos","type":"pipelines","apiVersion":"2018-06-01","properties":{"activities":[{"name":"brokers","type":"RefreshDataflow","dependsOn":[],"policy":{"timeout":"0.12:00:00","retry":0,"retryIntervalInSeconds":30,"secureOutput":false,"secureInput":false},"typeProperties":{"dataflowId":"07212549-bcaf-4b3f-bd83-4584a172f5df","workspaceId":"ea28678d-0ede-4863-b76f-e9158b6328e4","notifyOption":"NoNotification","dataflowType":"DataflowFabric"}},{"name":"campaigns","type":"RefreshDataflow","dependsOn":[],"policy":{"timeout":"0.12:00:00","retry":0,"retryIntervalInSeconds":30,"secureOutput":false,"secureInput":false},"typeProperties":{"dataflowId":"e4f02204-040b-4feb-a0b5-f86f64c67f6f","workspaceId":"ea28678d-0ede-4863-b76f-e9158b6328e4","notifyOption":"NoNotification","dataflowType":"DataflowFabric"}},{"name":"leads","type":"RefreshDataflow","dependsOn":[{"activity":"projects","dependencyConditions":["Succeeded"]}],"policy":{"timeout":"0.12:00:00","retry":0,"retryIntervalInSeconds":30,"secureOutput":false,"secureInput":false},"typeProperties":{"dataflowId":"6598fbbb-4cd6-45a0-8700-5301c2daf2d8","workspaceId":"ea28678d-0ede-4863-b76f-e9158b6328e4","notifyOption":"NoNotification","dataflowType":"DataflowFabric"}},{"name":"properties","type":"RefreshDataflow","dependsOn":[],"policy":{"timeout":"0.12:00:00","retry":0,"retryIntervalInSeconds":30,"secureOutput":false,"secureInput":false},"typeProperties":{"dataflowId":"2b8ebb46-772a-496d-8f27-bb14571e248f","workspaceId":"ea28678d-0ede-4863-b76f-e9158b6328e4","notifyOption":"NoNotification","dataflowType":"DataflowFabric"}},{"name":"clients","type":"RefreshDataflow","dependsOn":[],"policy":{"timeout":"0.12:00:00","retry":0,"retryIntervalInSeconds":30,"secureOutput":false,"secureInput":false},"typeProperties":{"dataflowId":"76481ff5-5586-4df7-a9fb-4d24729a070e","workspaceId":"ea28678d-0ede-4863-b76f-e9158b6328e4","notifyOption":"NoNotification","dataflowType":"Dataflow-Gen2"}},{"name":"projects","type":"RefreshDataflow","dependsOn":[{"activity":"brokers","dependencyConditions":["Succeeded"]},{"activity":"properties","dependencyConditions":["Succeeded"]},{"activity":"clients","dependencyConditions":["Succeeded"]},{"activity":"campaigns","dependencyConditions":["Succeeded"]}],"policy":{"timeout":"0.12:00:00","retry":0,"retryIntervalInSeconds":30,"secureOutput":false,"secureInput":false},"typeProperties":{"dataflowId":"d1dfda0c-b67f-4982-8f0c-06fced99f641","workspaceId":"ea28678d-0ede-4863-b76f-e9158b6328e4","notifyOption":"NoNotification","dataflowType":"Dataflow-Gen2"}},{"name":"sales","type":"RefreshDataflow","dependsOn":[{"activity":"projects","dependencyConditions":["Succeeded"]}],"policy":{"timeout":"0.12:00:00","retry":0,"retryIntervalInSeconds":30,"secureOutput":false,"secureInput":false},"typeProperties":{"dataflowId":"a97a3524-e9f2-44fc-9231-f07d7b886891","workspaceId":"ea28678d-0ede-4863-b76f-e9158b6328e4","notifyOption":"NoNotification","dataflowType":"Dataflow-Gen2"}},{"name":"Aviso01","type":"Office365Outlook","dependsOn":[{"activity":"brokers","dependencyConditions":["Failed"]},{"activity":"properties","dependencyConditions":["Failed"]},{"activity":"clients","dependencyConditions":["Failed"]},{"activity":"campaigns","dependencyConditions":["Failed"]}],"typeProperties":{"inputs":{"method":"post","path":"/v2/Mail","body":{"To":"jarteagar@gmail.com","Subject":"Algo salio mal","Body":"<p>mal mal mal</p>","Sensitivity":"","Importance":"Normal"}}}},{"name":"Aviso02","type":"Office365Outlook","dependsOn":[{"activity":"projects","dependencyConditions":["Failed"]}],"typeProperties":{"inputs":{"method":"post","path":"/v2/Mail","body":{"To":"jarteagar@gmail.com","Subject":"Algo salio mal","Body":"<p>mal mal mal</p>","Sensitivity":"","Importance":"Normal"}}}},{"name":"Aviso03","type":"Office365Outlook","dependsOn":[{"activity":"sales","dependencyConditions":["Failed"]},{"activity":"leads","dependencyConditions":["Failed"]}],"typeProperties":{"inputs":{"method":"post","path":"/v2/Mail","body":{"To":"jarteagar@gmail.com","Subject":"Algo salio mal","Body":"<p>mal mal mal</p>","Sensitivity":"","Importance":"Normal"}}}},{"name":"Aviso Exito","type":"Office365Outlook","dependsOn":[{"activity":"leads","dependencyConditions":["Succeeded"]},{"activity":"sales","dependencyConditions":["Succeeded"]}],"typeProperties":{"inputs":{"method":"post","path":"/v2/Mail","body":{"To":"jarteagar@gmail.com","Subject":"Algo salio mal","Body":"<p>mal mal mal</p>","Sensitivity":"","Importance":"Normal"}}}}],"lastModifiedByObjectId":"4c33201c-7c15-4ea8-b9f1-d24dce650328","lastPublishTime":"2025-08-29T03:30:04Z","logicAppsConnectionPayload":{"id":"/subscriptions/b0a3e150-d2e9-4640-b59d-eb6fc351c4e8/resourceGroups/connections-ea28678d-0ede-4863-b76f-e9158b6328e4/providers/Microsoft.Web/connections/1_bbaada48-4f5e-40be-972f-c8d788acd460_4c33201c-7c15-4ea8-b9f1-d24dce650328","properties":{"api":{"name":"office365","id":"/subscriptions/b0a3e150-d2e9-4640-b59d-eb6fc351c4e8/providers/Microsoft.Web/locations/southcentralus/managedApis/office365"}}}},"dependsOn":[]}]}