{"$schema":"http://schema.management.azure.com/schemas/2015-01-01/deploymentTemplate.json#","contentVersion":"1.0.0.0","parameters":{"cnx4 JohnElvisArteagaRobles":{"type":"string"},"LK_brz_MartinicaRealState":{"type":"string"}},"variables":{},"resources":[{"name":"pl_brz_ingesta_fact","type":"pipelines","apiVersion":"2018-06-01","properties":{"activities":[{"name":"leads","type":"Copy","dependsOn":[],"policy":{"timeout":"0.12:00:00","retry":0,"retryIntervalInSeconds":30,"secureOutput":false,"secureInput":false},"typeProperties":{"source":{"type":"DelimitedTextSource","storeSettings":{"type":"AzureBlobFSReadSettings","recursive":true,"enablePartitionDiscovery":false},"formatSettings":{"type":"DelimitedTextReadSettings","skipLineCount":0},"datasetSettings":{"annotations":[],"type":"DelimitedText","typeProperties":{"location":{"type":"AzureBlobFSLocation","fileName":"leads.csv","folderPath":"raw_data","fileSystem":"realstate"},"columnDelimiter":",","rowDelimiter":"\n","escapeChar":"\\","firstRowAsHeader":true,"quoteChar":"\""},"schema":[],"externalReferences":{"connection":"[parameters('cnx4 JohnElvisArteagaRobles')]"}}},"sink":{"type":"LakehouseTableSink","tableActionOption":"OverwriteSchema","partitionOption":"None","datasetSettings":{"annotations":[],"linkedService":{"name":"LK_brz_MartinicaRealState","properties":{"annotations":[],"type":"Lakehouse","typeProperties":{"workspaceId":"ea28678d-0ede-4863-b76f-e9158b6328e4","artifactId":"[parameters('LK_brz_MartinicaRealState')]","rootFolder":"Tables"}}},"type":"LakehouseTable","schema":[],"typeProperties":{"table":"leads"}}},"enableStaging":false,"translator":{"type":"TabularTranslator","mappings":[{"source":{"name":"LeadID","type":"String","physicalType":"String"},"sink":{"name":"LeadID","physicalType":"string"}},{"source":{"name":"ClientID","type":"String","physicalType":"String"},"sink":{"name":"ClientID","physicalType":"string"}},{"source":{"name":"PropertyID","type":"String","physicalType":"String"},"sink":{"name":"PropertyID","physicalType":"string"}},{"source":{"name":"CampaignID","type":"String","physicalType":"String"},"sink":{"name":"CampaignID","physicalType":"string"}},{"source":{"name":"LeadDate","type":"String","physicalType":"String"},"sink":{"name":"LeadDate","physicalType":"string"}},{"source":{"name":"LeadSource","type":"String","physicalType":"String"},"sink":{"name":"LeadSource","physicalType":"string"}}],"typeConversion":true,"typeConversionSettings":{"allowDataTruncation":true,"treatBooleanAsNumber":false}}}},{"name":"sales","type":"Copy","dependsOn":[{"activity":"leads","dependencyConditions":["Completed"]}],"policy":{"timeout":"0.12:00:00","retry":0,"retryIntervalInSeconds":30,"secureOutput":false,"secureInput":false},"typeProperties":{"source":{"type":"DelimitedTextSource","storeSettings":{"type":"AzureBlobFSReadSettings","recursive":true,"enablePartitionDiscovery":false},"formatSettings":{"type":"DelimitedTextReadSettings","skipLineCount":0},"datasetSettings":{"annotations":[],"type":"DelimitedText","typeProperties":{"location":{"type":"AzureBlobFSLocation","fileName":"sales.csv","folderPath":"raw_data","fileSystem":"realstate"},"columnDelimiter":",","rowDelimiter":"\n","escapeChar":"\\","firstRowAsHeader":true,"quoteChar":"\""},"schema":[],"externalReferences":{"connection":"[parameters('cnx4 JohnElvisArteagaRobles')]"}}},"sink":{"type":"LakehouseTableSink","tableActionOption":"OverwriteSchema","partitionOption":"None","datasetSettings":{"annotations":[],"linkedService":{"name":"LK_brz_MartinicaRealState","properties":{"annotations":[],"type":"Lakehouse","typeProperties":{"workspaceId":"ea28678d-0ede-4863-b76f-e9158b6328e4","artifactId":"[parameters('LK_brz_MartinicaRealState')]","rootFolder":"Tables"}}},"type":"LakehouseTable","schema":[],"typeProperties":{"table":"sales"}}},"enableStaging":false,"translator":{"type":"TabularTranslator","mappings":[{"source":{"name":"SaleID","type":"String","physicalType":"String"},"sink":{"name":"SaleID","physicalType":"string"}},{"source":{"name":"PropertyID","type":"String","physicalType":"String"},"sink":{"name":"PropertyID","physicalType":"string"}},{"source":{"name":"ClientID","type":"String","physicalType":"String"},"sink":{"name":"ClientID","physicalType":"string"}},{"source":{"name":"BrokerID","type":"String","physicalType":"String"},"sink":{"name":"BrokerID","physicalType":"string"}},{"source":{"name":"SaleDate","type":"String","physicalType":"String"},"sink":{"name":"SaleDate","physicalType":"string"}},{"source":{"name":"SalePriceUSD","type":"String","physicalType":"String"},"sink":{"name":"SalePriceUSD","physicalType":"string"}}],"typeConversion":true,"typeConversionSettings":{"allowDataTruncation":true,"treatBooleanAsNumber":false}}}}],"lastModifiedByObjectId":"4c33201c-7c15-4ea8-b9f1-d24dce650328","lastPublishTime":"2025-08-25T16:41:08Z"},"dependsOn":[]}]}